model,ROC_AUC,PR_AUC,precision,recall,FP,FN,total_cost
"Logistic (unweighted, 0.5)",0.9757724996458108,0.549324113112846,0.9219380888290714,0.4169202678027998,58,958,958580
"Logistic (weighted, 0.5)",0.9690462648050802,0.44954208388896094,0.031519890442427055,0.8685331710286062,43846,216,654460
"Logistic (weighted, 0.8)",0.9690462648050802,0.44954208388896094,0.06991041630072019,0.7267194157029824,15885,449,607850
RandomForest (0.5),0.9971401683589433,0.9630741527853308,0.9127725856697819,0.891661594643944,140,178,179400
